Type,Name
Author,Gülin Çavuş
Author,Şükrü Oktay Kılıç
Author,Denizhan Kaymak
Author,Selin Ayaeş
Author,Gözde Naz Uysal
Author,Hatice Kübra Ünsay
Author,Ali Osman Arabacı
Author,Özge Yıldız
Author,Gizem Dikmen
Author,Yusuf Tatlı
Author,Taha Onur Selimoğlu
Author,Ali Halit Diker
Author,Burak Avşar
Author,Orhan Şener
Author,Mahmut Tezcan
Author,Selin Yıldız
Author,Pelin Furuncı
Author,Kerem İnal
Author,Efsun Ağırtaş
Author,Erhan Kuğu
Author,Rumeysa Sena Şahbaz
Author,Musa Özgen Altuntaş
Author,Özge Çakır
Author,Çınar Livane Özer
Author,Mehmet Atakan Foça
Author,Tuveyç Timur
Author,Sinan Silsüpür
Author,Mert Can Yılmaz
Author,Fulden Ergen
Author,Kansu Ekin Tanca
Author,Alican Acanerler
